name,gender,name_owner
JAMES,M,null
ROBERT,M,null
JOHN,M,null
WILLIAM,M,null
RICHARD,M,null
DAVID,M,null
CHARLES,M,null
THOMAS,M,null
MICHAEL,M,null
RONALD,M,null
LARRY,M,null
DONALD,M,null
JOSEPH,M,null
GARY,M,null
GEORGE,M,null
KENNETH,M,null
PAUL,M,null
EDWARD,M,null
JERRY,M,null
DENNIS,M,null
FRANK,M,null
DANIEL,M,null
RAYMOND,M,null
ROGER,M,null
STEPHEN,M,null
GERALD,M,null
WALTER,M,null
HAROLD,M,null
STEVEN,M,null
DOUGLAS,M,null
LAWRENCE,M,null
TERRY,M,null
WAYNE,M,null
ARTHUR,M,null
JACK,M,null
CARL,M,null
HENRY,M,null
WILLIE,M,null
BRUCE,M,null
JOE,M,null
PETER,M,null
BILLY,M,null
ROY,M,null
RALPH,M,null
ANTHONY,M,null
JIMMY,M,null
ALBERT,M,null
BOBBY,M,null
EUGENE,M,null
JOHNNY,M,null
FRED,M,null
HARRY,M,null
HOWARD,M,null
MARK,M,null
ALAN,M,null
LOUIS,M,null
PHILIP,M,null
PATRICK,M,null
DALE,M,null
DANNY,M,null
STANLEY,M,null
LEONARD,M,null
TIMOTHY,M,null
GREGORY,M,null
SAMUEL,M,null
RONNIE,GN,null
NORMAN,M,null
ERNEST,M,null
RUSSELL,M,null
FRANCIS,GN,null
MELVIN,M,null
EARL,M,null
FREDERICK,M,null
ALLEN,M,null
BILL,M,null
TOMMY,M,null
PHILLIP,M,null
MARVIN,M,null
STEVE,M,null
DON,M,null
BARRY,M,null
CLARENCE,M,null
GLENN,M,null
JIM,M,null
EDDIE,M,null
MIKE,M,null
ANDREW,M,null
JEFFREY,M,null
LEROY,M,null
ALFRED,M,null
MARTIN,M,null
LEE,M,null
TOM,M,null
RAY,GN,null
HERBERT,M,null
GENE,M,null
BERNARD,M,null
THEODORE,M,null
CURTIS,M,null
KEITH,M,null
CLIFFORD,M,null
RODNEY,M,null
GORDON,M,null
JESSE,GN,null
JIMMIE,M,null
VINCENT,M,null
WARREN,M,null
LLOYD,M,null
LEON,M,null
JEROME,M,null
EDWIN,M,null
BRIAN,M,null
VICTOR,M,null
BOB,M,null
FLOYD,M,null
LEWIS,M,null
HARVEY,M,null
CLYDE,M,null
ALVIN,M,null
CRAIG,M,null
VERNON,M,null
LESLIE,GN,null
FRANKLIN,M,null
CALVIN,M,null
JON,M,null
JAY,M,null
DARRELL,M,null
CHARLIE,GN,null
JACKIE,GN,null
DAN,M,null
ALLAN,M,null
RANDALL,M,null
JOEL,M,null
GILBERT,M,null
BENJAMIN,M,null
LESTER,M,null
DUANE,M,null
TONY,M,null
LEO,M,null
HERMAN,M,null
JOSE,M,null
GLEN,M,null
JOHNNIE,M,null
DEAN,M,null
CHRISTOPHER,M,null
ARNOLD,M,null
LONNIE,M,null
NICHOLAS,M,null
FREDDIE,M,null
CHESTER,M,null
ERIC,M,null
MILTON,M,null
CECIL,M,null
LYNN,M,null
RANDY,M,null
MANUEL,M,null
ROLAND,M,null
TED,M,null
DWIGHT,M,null
CLAUDE,M,null
WESLEY,M,null
NEIL,M,null
SAM,M,null
SCOTT,M,null
DAVE,M,null
WALLACE,M,null
KEVIN,M,null
HUGH,M,null
DONNIE,M,null
ELMER,M,null
MICHEAL,M,null
WILLARD,M,null
JUAN,M,null
MAURICE,M,null
GARRY,M,null
JESSIE,M,null
MARSHALL,M,null
OSCAR,M,null
EDGAR,M,null
KARL,M,null
MARION,M,null
SIDNEY,M,null
STUART,M,null
ALEXANDER,M,null
NATHANIEL,M,null
SAMMY,M,null
EVERETT,M,null
BENNY,M,null
GUY,M,null
VIRGIL,M,null
MORRIS,M,null
MATTHEW,M,null
EARNEST,M,null
LYLE,M,null
MAX,M,null
BENNIE,M,null
WENDELL,M,null
KENT,M,null
JONATHAN,M,null
FREDRICK,M,null
CLIFTON,M,null
LUTHER,M,null
GERARD,M,null
CARLOS,M,null
BEN,M,null
TIM,M,null
NELSON,M,null
PERRY,M,null
CLINTON,M,null
OTIS,M,null
TERRENCE,M,null
DICK,M,null
RANDOLPH,M,null
LOWELL,M,null
DELBERT,M,null
CHRIS,M,null
IRA,M,null
REGINALD,M,null
HUBERT,M,null
CARROLL,M,null
CLAYTON,M,null
HOMER,M,null
HORACE,M,null
ALEX,M,null
RICKY,M,null
LAURENCE,M,null
REX,M,null
RUDOLPH,M,null
BYRON,M,null
LOREN,M,null
ALTON,M,null
RUBEN,M,null
JESUS,M,null
ARCHIE,M,null
LELAND,M,null
MARC,M,null
NEAL,M,null
TROY,M,null
ROSS,M,null
WILLIS,M,null
MITCHELL,M,null
PETE,M,null
ANTONIO,M,null
OLIVER,M,null
RICK,M,null
WILBUR,M,null
TOMMIE,M,null
AARON,M,null
JEFF,M,null
ROOSEVELT,M,null
WILBERT,M,null
EDMUND,M,null
RUDY,M,null
DARRYL,M,null
JERALD,M,null
MALCOLM,M,null
MACK,M,null
NATHAN,M,null
RON,M,null
SALVATORE,M,null
JULIUS,M,null
BRADLEY,M,null
MYRON,M,null
DOYLE,M,null
PAT,GN,null
TERRANCE,M,null
SHERMAN,M,null
DEWEY,M,null
SYLVESTER,M,null
CARLTON,M,null
JAN,F,null
DARYL,M,null
RODGER,M,null
DARREL,M,null
FRANKIE,M,null
JULIAN,M,null
TEDDY,M,null
NICK,M,null
GREG,M,null
CLARK,M,null
ISAAC,M,null
KENNY,M,null
KEN,M,null
IVAN,M,null
DANA,GN,null
JACOB,M,null
JEFFERY,M,null
WOODROW,M,null
TYRONE,M,null
RUFUS,M,null
RAMON,M,null
ELLIS,GN,null
PHIL,M,null
GRADY,M,null
ERVIN,M,null
RAUL,M,null
PRESTON,M,null
FORREST,M,null
MICKEY,M,null
ELBERT,M,null
ROBERTO,M,null
BRENT,M,null
WILSON,M,null
DALLAS,M,null
FELIX,M,null
WADE,M,null
LANCE,M,null
MERLE,M,null
SAMMIE,GN,null
FRANCISCO,M,null
KERRY,GN,null
PEDRO,M,null
ELDON,M,null
RICKEY,M,null
SHELDON,M,null
BUDDY,M,null
MARIO,M,null
BRYAN,M,null
GRANT,M,null
CONRAD,M,null
OWEN,M,null
IRVIN,M,null
LUIS,M,null
ORVILLE,M,null
ANGELO,M,null
GARLAND,M,null
BERT,M,null
JUNIOR,M,null
STEWART,M,null
VAN,M,null
BILLIE,GN,null
BOYD,M,null
GEOFFREY,M,null
DENIS,M,null
ANDY,GN,null
ROBIN,GN,null
PERCY,GN,null
WINSTON,M,null
KURT,M,null
TRAVIS,M,null
FREDDY,M,null
NOEL,M,null
LOUIE,M,null
ROYCE,M,null
EMMETT,M,null
AUBREY,GN,null
LANNY,M,null
MARCUS,M,null
HARLAN,M,null
WILFRED,M,null
HARLEY,GN,null
GROVER,M,null
GALE,F,null
ARMANDO,M,null
LIONEL,M,null
ED,M,null
EDMOND,M,null
SPENCER,M,null
RICARDO,M,null
DARWIN,M,null
BOBBIE,GN,null
GUADALUPE,GN,null
MARLIN,M,null
DENNY,M,null
RONNY,M,null
LOYD,M,null
ALFONSO,M,null
CLEVELAND,M,null
BURTON,M,null
GERRY,M,null
IRVING,M,null
KELLY,GN,null
ERNIE,M,null
HECTOR,M,null
TERENCE,M,null
CARY,M,null
LORENZO,M,null
NED,M,null
AMOS,M,null
MOSES,M,null
KIRK,M,null
DWAYNE,M,null
CORNELIUS,M,null
DOMINIC,M,null
KIM,F,null
RENE,GN,null
ELLIOTT,M,null
DOMINICK,M,null
RODERICK,M,null
KERMIT,M,null
ALONZO,M,null
ADRIAN,GN,null
HAL,M,null
ELWOOD,M,null
SANFORD,M,null
GREGG,M,null
THURMAN,M,null
MURRAY,M,null
SALVADOR,M,null
EMIL,M,null
NORBERT,M,null
AUSTIN,M,null
MIGUEL,M,null
ARTURO,M,null
ALFREDO,M,null
FREDERIC,M,null
GALEN,M,null
ADAM,M,null
AUGUST,M,null
BRADFORD,M,null
MONTE,GN,null
ELIJAH,M,null
VAUGHN,M,null
LAMAR,M,null
CHUCK,M,null
AL,M,null
STERLING,M,null
DOUG,M,null
ELTON,M,null
ROSCOE,M,null
TRUMAN,M,null
NORRIS,M,null
LINWOOD,M,null
ABRAHAM,M,null
CARMEN,F,null
WILEY,M,null
BARNEY,M,null
TODD,M,null
WILL,M,null
HARRISON,M,null
JASPER,M,null
ODELL,M,null
MILLARD,M,null
WELDON,M,null
FERNANDO,M,null
MAYNARD,M,null
VANCE,M,null
SIMON,M,null
REUBEN,M,null
MERLIN,M,null
DANNIE,M,null
GABRIEL,M,null
GAIL,M,null
NOLAN,M,null
JESS,M,null
ELVIN,M,null
MILES,M,null
JOHNIE,M,null
MERRILL,M,null
STEPHAN,M,null
EMANUEL,M,null
DELMAR,M,null
COLIN,M,null
OTTO,M,null
OLLIE,M,null
FREDRIC,M,null
JEROLD,M,null
RODOLFO,M,null
MONROE,M,null
CHARLEY,GN,null
IRWIN,M,null
DEWAYNE,M,null
RAFAEL,M,null
MONTY,M,null
COY,M,null
EMORY,M,null
HOLLIS,GN,null
DUDLEY,M,null
JAKE,M,null
ERROL,M,null
ERNESTO,M,null
JACKSON,M,null
LEVI,M,null
WARD,M,null
KENNITH,M,null
RUSSEL,M,null
ENRIQUE,M,null
RANDAL,M,null
ANDRE,M,null
JERROLD,M,null
ERWIN,M,null
RILEY,GN,null
HARRIS,M,null
BUFORD,M,null
ALPHONSO,M,null
SHELBY,F,null
ELLIOT,GN,null
ALBERTO,M,null
TRACY,F,null
MAC,M,null
BLAINE,M,null
GUS,M,null
STAN,M,null
TOMAS,M,null
EDDY,M,null
ARMAND,M,null
CONNIE,F,null
VERN,M,null
DOMINGO,M,null
JEAN,M,null
CLEMENT,M,null
CAREY,F,null
ULYSSES,M,null
EVAN,M,null
BOOKER,M,null
CLAIR,GN,null
CHRISTIAN,M,null
ROCCO,M,null
NOAH,M,null
TERRELL,M,null
DICKIE,M,null
KIRBY,GN,null
MELVYN,M,null
DENVER,M,null
SOLOMON,M,null
SHIRLEY,F,null
MERVIN,M,null
DEXTER,M,null
LON,M,null
WILMER,M,null
HERSHEL,M,null
WILBURN,M,null
SANDY,F,null
THADDEUS,M,null
ROLLAND,M,null
DONNY,M,null
PABLO,M,null
BERNIE,GN,null
REYNALDO,M,null
GILBERTO,M,null
RAMIRO,M,null
REED,M,null
LAVERN,F,null
BARTON,M,null
ANGEL,GN,null
EMERY,F,null
EARLE,M,null
WILFORD,M,null
CARTER,GN,null
WINFRED,F,null
LINDA,F,null
JOESPH,M,null
FELIPE,GN,null
GARRETT,M,null
KENDALL,GN,null
JASON,M,null
DAVIS,M,null
CLAY,M,null
LUPE,GN,null
HERSCHEL,M,null
BASIL,GN,null
DONN,M,null
LUKE,M,null
JULIO,M,null
ELI,M,null
ROYAL,M,null
GAYLE,F,null
SILAS,M,null
MORGAN,GN,null
ROGERS,M,null
FOREST,M,null
FREEMAN,M,null
GAYLORD,M,null
CLEO,F,null
JEREMIAH,M,null
EVERETTE,M,null
DALTON,M,null
PATRICIA,F,null
TOBY,M,null
BRAD,M,null
ELIAS,M,null
ABEL,M,null
DREW,M,null
LENARD,M,null
LAMONT,M,null
JUSTIN,M,null
ALVA,GN,null
CARMINE,M,null
CARROL,F,null
JOEY,M,null
SONNY,M,null
VITO,M,null
ISAIAH,M,null
DUNCAN,M,null
MAJOR,M,null
RICKIE,M,null
JOSHUA,M,null
DELMER,M,null
BARBARA,F,null
KYLE,M,null
IGNACIO,M,null
MARTY,M,null
JEFFERSON,M,null
SANTOS,M,null
BENNETT,M,null
MILFORD,M,null
ORLANDO,M,null
ANTON,M,null
CARSON,M,null
ROMAN,M,null
ANDRES,M,null
SANTIAGO,M,null
GEARLD,M,null
SHELTON,M,null
LYMAN,M,null
WILTON,M,null
HOUSTON,GN,null
EMERSON,M,null
EMILIO,M,null
JORGE,M,null
ODIS,M,null
THERON,M,null
FOSTER,M,null
DWAIN,M,null
PASQUALE,M,null
ISIAH,M,null
FLETCHER,M,null
BENITO,M,null
ART,M,null
ALDEN,M,null
HIRAM,M,null
CYRIL,M,null
BRYANT,M,null
ELMO,M,null
RALEIGH,GN,null
ANDERSON,M,null
JEFFRY,M,null
JERE,M,null
ROCKY,M,null
MORTON,M,null
RANDELL,M,null
FELTON,M,null
JACKY,GN,null
CORNELL,M,null
NORMAND,M,null
REGGIE,M,null
BURL,M,null
BUD,M,null
STANFORD,M,null
QUENTIN,M,null
SHERWOOD,M,null
ARDEN,M,null
AUGUSTINE,M,null
IVORY,F,null
EDUARDO,M,null
VAL,M,null
AUGUSTUS,M,null
SAUL,M,null
ELROY,M,null
DEE,M,null
GRAHAM,M,null
OTHA,M,null
ISRAEL,M,null
BART,M,null
GLYNN,M,null
ARLEN,M,null
ALPHONSE,M,null
LONNY,M,null
RAYFORD,M,null
CLAUD,M,null
ROGELIO,M,null
LANE,M,null
OLIN,M,null
NICKY,GN,null
ALEJANDRO,M,null
GUILLERMO,M,null
HOYT,M,null
JUDSON,M,null
DAMON,M,null
ROD,M,null
WALLY,M,null
OLEN,M,null
CLIFF,M,null
WOODY,M,null
MICHEL,M,null
MCARTHUR,M,null
JULES,M,null
BOYCE,M,null
MILO,M,null
MCKINLEY,M,null
ARLIE,M,null
HAYWOOD,M,null
COLEMAN,M,null
REID,M,null
HILTON,M,null
CLETUS,M,null
ROBBIE,M,null
LACY,F,null
MATHEW,M,null
MASON,M,null
COLUMBUS,M,null
DOUGLASS,M,null
LEMUEL,M,null
LAWRENCE,M,null
LYNWOOD,M,null
ERIK,M,null
SETH,M,null
GARTH,M,null
ORVAL,M,null
EMMITT,M,null
LINCOLN,M,null
BLAIR,M,null
HUEY,M,null
DEWITT,M,null
BRYCE,M,null
REGIS,M,null
EMILE,M,null
MAXIE,GN,null
MYLES,M,null
HARMON,M,null
WARNER,M,null
KING,M,null
ISMAEL,M,null
MOSE,GN,null
ROLLIN,M,null
SYDNEY,GN,null
BUSTER,M,null
HAYWARD,M,null
WAYMON,M,null
JAVIER,M,null
BURT,M,null
CURT,M,null
NEWTON,M,null
LEIGH,GN,null
MEREDITH,F,null
STANTON,M,null
IAN,M,null
CURTIS,M,null
BENEDICT,M,null
LUCIUS,M,null
TAYLOR,M,null
NICKOLAS,M,null
PIERRE,M,null
AVERY,GN,null
LINDSEY,M,null
VERNE,M,null
MARCEL,M,null
CYRUS,M,null
DORSEY,M,null
LUCIEN,M,null
RAYMON,M,null
NOBLE,M,null
BEVERLY,F,null
BERTRAM,M,null
ALVIS,M,null
WINFORD,M,null
DAROLD,M,null
SHARON,F,null
FIDEL,M,null
HARDY,M,null
LAUREN,F,null
CRUZ,M,null
MEL,GN,null
GAYLON,M,null
VICENTE,M,null
HOBERT,M,null
SANDRA,F,null
WALKER,M,null
MITCHEL,M,null
DONOVAN,M,null
LYNDON,M,null
BONNIE,F,null
MELTON,M,null
CARLO,M,null
DENNIE,M,null
JAMIE,M,null
TALMADGE,M,null
WALTON,M,null
NAPOLEON,M,null
BROOKS,M,null
BRUNO,M,null
ELOY,M,null
MATT,M,null
ARTIS,M,null
ALFORD,M,null
BRADY,M,null
GAROLD,M,null
SCOTTY,M,null
NICOLAS,M,null
DANE,M,null
JAIME,M,null
JORDAN,M,null
FRANKLYN,M,null
WARDELL,M,null
GRANVILLE,M,null
OREN,M,null
REYNOLD,M,null
CLINT,M,null
DANIAL,M,null
GEROLD,M,null
TIMMY,M,null
RAPHAEL,M,null
HUMBERTO,M,null
KENTON,M,null
GREGORIO,M,null
DOMENIC,M,null
MAXWELL,M,null
HARLAND,M,null
LORIN,M,null
LESLEY,GN,null
BENTON,M,null
PALMER,M,null
ENOCH,M,null
CEDRIC,M,null
ZANE,M,null
ARTHER,M,null
PATSY,GN,null
ELLSWORTH,M,null
BERRY,M,null
ELDEN,M,null
RUBIN,M,null
DELTON,M,null
ARLAN,M,null
ASHLEY,F,null
SEAN,M,null
CARLETON,M,null
ELDRIDGE,M,null
FRITZ,M,null
HERMON,M,null
LOY,M,null
KAY,F,null
PRINCE,M,null
WINDELL,M,null
JERRELL,M,null
DUWAYNE,M,null
EDD,M,null
ARLIN,M,null
PARKER,M,null
ABE,M,null
SEBASTIAN,M,null
WILLIAMS,M,null
EZRA,M,null
BETTY,F,null
CAMERON,M,null
MERRITT,M,null
TONEY,M,null
JONAS,M,null
ALVIE,M,null
MARGARITO,M,null
FERDINAND,M,null
COURTNEY,F,null
BUTCH,M,null
LORAN,M,null
HOWELL,M,null
LUCIOUS,M,null
DELL,M,null
FARRELL,M,null
STACY,F,null
GLENDON,M,null
THAD,M,null
DELMAS,M,null
ARTIE,M,null
WINFIELD,M,null
ISSAC,M,null
CORDELL,M,null
MURPHY,M,null
OMER,M,null
MAHLON,M,null
ELVIS,M,null
DONNELL,M,null
GARFIELD,M,null
JUDITH,M,null
DARNELL,M,null
OTTIS,M,null
SHANNON,F,null
NANCY,F,null
AMBROSE,M,null
ALLYN,M,null
VERLIN,M,null
RUSS,M,null
ARVIN,M,null
ELWIN,M,null
DWAINE,M,null
THEODORE,M,null
VALENTINE,M,null
WILLIAN,M,null
SEYMOUR,M,null
LEN,M,null
LOYAL,M,null
JOYCE,F,null
CLEVE,M,null
CASEY,GN,null
RUPERT,M,null
BLAKE,M,null
LOGAN,M,null
PORTER,M,null
MERLYN,M,null
IKE,M,null
JEWELL,M,null
DENZIL,M,null
DAYTON,M,null
LINDELL,M,null
JEWEL,F,null
HERB,M,null
DILLARD,M,null
ORRIN,M,null
LEEROY,M,null
CLEM,M,null
SHERRILL,F,null
ASA,M,null
LES,M,null
DERRELL,M,null
MILAN,M,null
SUSAN,F,null
HUGO,M,null
CLARANCE,M,null
DEL,M,null
JODY,F,null
JOAQUIN,M,null
VINCE,M,null
MARCOS,M,null
GARNETT,M,null
EARLY,M,null
OBIE,M,null
BRETT,M,null
LORENZA,M,null
DONAL,M,null
WILBER,M,null
DELANO,M,null
DEREK,M,null
AGUSTIN,M,null
EZELL,M,null
SAL,M,null
GILES,M,null
HANS,M,null
TRINIDAD,M,null
LUCIAN,M,null
RAYBURN,M,null
ROLLIE,M,null
LAWSON,M,null
LEONARDO,M,null
ADAN,M,null
JEREMY,M,null
VERNELL,M,null
TERRILL,M,null
DOROTHY,M,null
TEX,M,null
TYLER,GN,null
NOE,M,null
QUINTON,M,null
EDISON,M,null
LENNY,M,null
JUNIUS,M,null
REFUGIO,M,null
ORIN,M,null
JENNINGS,M,null
REYES,M,null
BERTRAND,M,null
CAROLYN,F,null
ISIDRO,M,null
WYLIE,M,null
FRANCES,GN,null
RODDY,M,null
LAFAYETTE,M,null
RUSTY,M,null
OMAR,M,null
ROWLAND,M,null
RYAN,M,null
EZEKIEL,M,null
ERICK,M,null
LINDSAY,GN,null
WILLAM,M,null
RORY,M,null
WYATT,M,null
DURWOOD,M,null
ELISHA,F,null
DARELL,M,null
FEDERICO,M,null
SHAWN,M,null
WAYLAND,M,null
JUDY,F,null
RAYMUNDO,M,null
WALDO,M,null
ROSEVELT,M,null
NEWELL,M,null
ZACHARY,M,null
KRIS,M,null
JOHNSON,M,null
SERGIO,M,null
GENERAL,M,null
JOAN,F,null
ORAN,M,null
ORA,M,null
ARVID,M,null
ROMEO,M,null
HARRELL,M,null
DENTON,M,null
STEVAN,M,null
BARRIE,M,null
BRENDAN,M,null
DONNA,F,null
CHAD,M,null
MADISON,M,null
KIP,M,null
MARY,F,null
LINDA,F,null
BARBARA,F,null
PATRICIA,F,null
CAROL,F,null
SANDRA,F,null
NANCY,F,null
SHARON,F,null
JUDITH,F,null
SUSAN,F,null
BETTY,F,null
CAROLYN,F,null
MARGARET,F,null
JUDY,F,null
KAREN,F,null
DONNA,F,null
KATHLEEN,F,null
JOYCE,F,null
DOROTHY,F,null
JANET,F,null
DIANE,F,null
JANICE,F,null
JOAN,F,null
ELIZABETH,F,null
BRENDA,F,null
GLORIA,F,null
VIRGINIA,F,null
MARILYN,F,null
MARTHA,F,null
BEVERLY,F,null
HELEN,F,null
BONNIE,F,null
RUTH,F,null
FRANCES,F,null
JEAN,F,null
ANN,F,null
PHYLLIS,F,null
PAMELA,F,null
JANE,F,null
ALICE,F,null
PEGGY,F,null
CHERYL,F,null
DORIS,F,null
CATHERINE,F,null
ELAINE,F,null
CYNTHIA,F,null
MARIE,F,null
LOIS,F,null
CONNIE,F,null
CHRISTINE,F,null
DIANA,F,null
GAIL,F,null
JOANNE,F,null
ROSE,F,null
WANDA,F,null
CAROLE,F,null
RITA,F,null
CHARLOTTE,F,null
JO,F,null
EVELYN,F,null
GERALDINE,F,null
JACQUELINE,F,null
ELLEN,F,null
SALLY,F,null
REBECCA,F,null
KATHRYN,F,null
DEBORAH,F,null
NORMA,F,null
SUZANNE,F,null
ANNA,F,null
SUE,F,null
DARLENE,F,null
PATSY,F,null
JOANN,F,null
SARAH,F,null
KATHERINE,F,null
PAULA,F,null
ANNIE,F,null
LOUISE,F,null
ROBERTA,F,null
SYLVIA,F,null
ANNE,F,null
THERESA,F,null
SHEILA,F,null
MARIA,F,null
LAURA,F,null
KATHY,F,null
EILEEN,F,null
MARCIA,F,null
ROSEMARY,F,null
GLENDA,F,null
DOLORES,F,null
MILDRED,F,null
LORRAINE,F,null
MARJORIE,F,null
SHERRY,F,null
KAY,F,null
ANITA,F,null
DIANNE,F,null
RUBY,F,null
IRENE,F,null
JUANITA,F,null
MAUREEN,F,null
JEANNE,F,null
LORETTA,F,null
CONSTANCE,F,null
LYNN,F,null
MARLENE,F,null
ARLENE,F,null
DELORES,F,null
LYNDA,F,null
JULIA,F,null
MARSHA,F,null
CHARLENE,F,null
JUNE,F,null
JEANETTE,F,null
EDNA,F,null
JOSEPHINE,F,null
ELEANOR,F,null
YVONNE,F,null
VICKI,F,null
VIVIAN,F,null
EMMA,F,null
GEORGIA,F,null
LILLIAN,F,null
EDITH,F,null
PAULINE,F,null
WILMA,F,null
VICTORIA,F,null
ETHEL,F,null
LUCILLE,F,null
FLORENCE,F,null
SARA,F,null
MARGIE,F,null
THELMA,F,null
CLARA,F,null
AUDREY,F,null
GRACE,F,null
TERESA,F,null
ANNETTE,F,null
CLAUDIA,F,null
GLADYS,F,null
JULIE,F,null
MARION,F,null
GWENDOLYN,F,null
PRISCILLA,F,null
WILLIE,F,null
ESTHER,F,null
EVA,F,null
ANDREA,F,null
MARYANN,F,null
BERNICE,F,null
ROSA,F,null
HAZEL,F,null
BILLIE,F,null
BERTHA,F,null
GAYLE,F,null
BOBBIE,F,null
PAT,F,null
MAXINE,F,null
MARIAN,F,null
ELLA,F,null
PAULETTE,F,null
JOY,F,null
BEATRICE,F,null
CATHY,F,null
LILLIE,F,null
JANIS,F,null
LESLIE,F,null
IDA,F,null
LYNNE,F,null
DEANNA,F,null
FAYE,F,null
TERRY,F,null
VALERIE,F,null
RACHEL,F,null
EMILY,F,null
LUCY,F,null
JANIE,F,null
PENNY,F,null
JACKIE,F,null
HARRIET,F,null
REGINA,F,null
ROSALIE,F,null
ALMA,F,null
ANGELA,F,null
VERA,F,null
JESSIE,F,null
MARIANNE,F,null
STEPHANIE,F,null
JILL,F,null
MATTIE,F,null
MINNIE,F,null
CAROLINE,F,null
MICHELE,F,null
VERONICA,F,null
PATTY,F,null
ROSIE,F,null
STELLA,F,null
ELSIE,F,null
BESSIE,F,null
CARRIE,F,null
ROSEMARIE,F,null
SHERYL,F,null
JENNIFER,F,null
CARMEN,F,null
JACQUELYN,F,null
COLLEEN,F,null
BONITA,F,null
CLAIRE,F,null
NELLIE,F,null
LANA,F,null
DENISE,F,null
DIANNA,F,null
VICKIE,F,null
DIXIE,F,null
TONI,F,null
JOHNNIE,F,null
DORA,F,null
JEANNETTE,F,null
MADELINE,F,null
AGNES,F,null
NINA,F,null
CARLA,F,null
GENEVA,F,null
NORA,F,null
VELMA,F,null
SUSIE,F,null
LYDIA,F,null
LEONA,F,null
DELORIS,F,null
MAE,F,null
NAOMI,F,null
MYRA,F,null
CHRISTINA,F,null
CORA,F,null
JAN,F,null
BETH,F,null
DAWN,F,null
BERNADETTE,F,null
WENDY,F,null
YOLANDA,F,null
ALBERTA,F,null
VIOLA,F,null
ANTOINETTE,F,null
SANDY,F,null
MYRNA,F,null
MARGUERITE,F,null
CECILIA,F,null
ERNESTINE,F,null
GERTRUDE,F,null
VERNA,F,null
HATTIE,F,null
RENEE,F,null
IRIS,F,null
RAMONA,F,null
PEARL,F,null
IRMA,F,null
BECKY,F,null
LOLA,F,null
HILDA,F,null
LENA,F,null
CECELIA,F,null
LULA,F,null
MYRTLE,F,null
FRANCINE,F,null
OLIVIA,F,null
MIRIAM,F,null
EUNICE,F,null
BETTE,F,null
JENNIE,F,null
BETSY,F,null
BETTYE,F,null
DAISY,F,null
BETTIE,F,null
SAUNDRA,F,null
LEE,F,null
SONDRA,F,null
MARCELLA,F,null
CANDACE,F,null
VIOLET,F,null
ERMA,F,null
SHARRON,F,null
FANNIE,F,null
PENELOPE,F,null
DELLA,F,null
TRUDY,F,null
KATIE,F,null
ROBIN,F,null
FLORA,F,null
ADA,F,null
ELOISE,F,null
LAVERNE,F,null
MAMIE,F,null
MICHELLE,F,null
MELBA,F,null
HENRIETTA,F,null
DALE,F,null
CINDY,F,null
DOREEN,F,null
DEBRA,F,null
DANA,F,null
MELINDA,F,null
AMY,F,null
SUSANNE,F,null
AMELIA,F,null
NADINE,F,null
JEANNIE,F,null
LAURIE,F,null
GRETCHEN,F,null
VICKY,F,null
GLENNA,F,null
GENEVIEVE,F,null
SALLIE,F,null
FRANKIE,F,null
SONJA,F,null
CLAUDETTE,F,null
MELANIE,F,null
MAGGIE,F,null
ALICIA,F,null
JERRY,F,null
HELENE,F,null
MABLE,F,null
GALE,F,null
SHELBY,F,null
LAUREL,F,null
NELDA,F,null
REBA,F,null
RHONDA,F,null
ROSETTA,F,null
GUADALUPE,F,null
MARGO,F,null
FREDA,F,null
INEZ,F,null
LOU,F,null
JOANNA,F,null
MURIEL,F,null
MONICA,F,null
FAITH,F,null
CAMILLE,F,null
ROCHELLE,F,null
PATTI,F,null
LORNA,F,null
BEULAH,F,null
ROSALIND,F,null
LILA,F,null
JIMMIE,F,null
EULA,F,null
NOREEN,F,null
LUCINDA,F,null
EARNESTINE,F,null
KAYE,F,null
GAY,F,null
POLLY,F,null
MONA,F,null
CELIA,F,null
DARLA,F,null
FAY,F,null
GINGER,F,null
SADIE,F,null
MOLLY,F,null
NATALIE,F,null
TERRI,F,null
GWEN,F,null
MABEL,F,null
BLANCHE,F,null
LENORA,F,null
SHELIA,F,null
KRISTINE,F,null
OLGA,F,null
ADRIENNE,F,null
HOLLY,F,null
TINA,F,null
JAYNE,F,null
RUTHIE,F,null
JUDI,F,null
LYNETTE,F,null
LORENE,F,null
GRACIE,F,null
SHARYN,F,null
ROSEANN,F,null
ETTA,F,null
OPAL,F,null
INA,F,null
OLLIE,F,null
ADELE,F,null
NETTIE,F,null
ESTELLA,F,null
WINIFRED,F,null
ESSIE,F,null
DIANN,F,null
EARLENE,F,null
MELODY,F,null
ORA,F,null
JEWEL,F,null
JANETTE,F,null
JENNY,F,null
RENA,F,null
LUPE,F,null
MARILYNN,F,null
CATHLEEN,F,null
LEAH,F,null
ISABEL,F,null
BEVERLEY,F,null
DONA,F,null
WILLA,F,null
SHERRIE,F,null
JOSIE,F,null
LELA,F,null
PAM,F,null
DORTHY,F,null
MARGARITA,F,null
PEARLIE,F,null
KATHIE,F,null
LENORE,F,null
DEBBIE,F,null
ESTELLE,F,null
EARLINE,F,null
DELIA,F,null
JEANIE,F,null
ILENE,F,null
BERNADINE,F,null
THERESE,F,null
MARYLOU,F,null
LORA,F,null
MARVA,F,null
DOROTHEA,F,null
TOMMIE,F,null
KARLA,F,null
JEWELL,F,null
LAVONNE,F,null
HARRIETT,F,null
CHERI,F,null
ROBBIE,F,null
CARLENE,F,null
HOPE,F,null
EUGENIA,F,null
ADDIE,F,null
APRIL,F,null
MARYANNE,F,null
JEANNINE,F,null
CORINNE,F,null
MEREDITH,F,null
FRANCIS,F,null
JUDIE,F,null
BELINDA,F,null
LIZZIE,F,null
MELISSA,F,null
MARLA,F,null
OLA,F,null
RHODA,F,null
KARIN,F,null
IVA,F,null
FERN,F,null
EDWINA,F,null
LOTTIE,F,null
JOHANNA,F,null
KATHARINE,F,null
CLARICE,F,null
AMANDA,F,null
CHERIE,F,null
LISA,F,null
ANTONIA,F,null
SYBIL,F,null
MAVIS,F,null
ELVA,F,null
LEOLA,F,null
RAE,F,null
EDDIE,F,null
ROSALYN,F,null
CASSANDRA,F,null
JAMES,F,null
SONIA,F,null
ARLEEN,F,null
ROSANNE,F,null
DEE,F,null
DOLLY,F,null
JANNIE,F,null
CORNELIA,F,null
DELOIS,F,null
NOLA,F,null
MELVA,F,null
MARYELLEN,F,null
IMOGENE,F,null
JERI,F,null
MARLYS,F,null
SHELLEY,F,null
CECILE,F,null
FREDDIE,F,null
NITA,F,null
ELVIRA,F,null
TAMARA,F,null
CANDICE,F,null
ANGELINA,F,null
JOLENE,F,null
MARGERY,F,null
EFFIE,F,null
MAY,F,null
MOLLIE,F,null
SHERRILL,F,null
MADELYN,F,null
LADONNA,F,null
SHERRI,F,null
MILLIE,F,null
ELNORA,F,null
DOTTIE,F,null
ALTA,F,null
ANGIE,F,null
MERRY,F,null
ELENA,F,null
CLEO,F,null
MARIETTA,F,null
KITTY,F,null
JAMIE,F,null
CHERRY,F,null
JESSICA,F,null
RUTHANN,F,null
NONA,F,null
JOE,F,null
CELESTE,F,null
ALYCE,F,null
QUEEN,F,null
MERLE,F,null
VIRGIE,F,null
CLARE,F,null
PEGGIE,F,null
ROBERT,F,null
NAN,F,null
LAUREN,F,null
JOHN,F,null
GERRY,F,null
NELL,F,null
HELENA,F,null
TGNA,F,null
MADELEINE,F,null
SHARI,F,null
LORAINE,F,null
DOLLIE,F,null
AURORA,F,null
GEORGETTE,F,null
SHARLENE,F,null
SHERI,F,null
CAROLANN,F,null
ROXIE,F,null
ROXANNE,F,null
WINNIE,F,null
DIAN,F,null
LOUELLA,F,null
ROSLYN,F,null
KAROL,F,null
CORRINE,F,null
KARON,F,null
CRYSTAL,F,null
LUELLA,F,null
GOLDIE,F,null
INGRID,F,null
CONSUELO,F,null
JULIANNE,F,null
BENNIE,F,null
LUCIA,F,null
CANDY,F,null
ARLINE,F,null
RONNIE,F,null
LEILA,F,null
MARYJANE,F,null
DARLEEN,F,null
HEATHER,F,null
ELINOR,F,null
NEVA,F,null
JEANINE,F,null
ELMA,F,null
REVA,F,null
HANNAH,F,null
ILA,F,null
SONYA,F,null
FRIEDA,F,null
RONDA,F,null
ANGELINE,F,null
LETHA,F,null
YVETTE,F,null
CARMELA,F,null
CARROLL,F,null
ODESSA,F,null
WILDA,F,null
RETHA,F,null
FREIDA,F,null
ROSALEE,F,null
MARILEE,F,null
KRISTIN,F,null
ELOUISE,F,null
CHARLEEN,F,null
CATHRYN,F,null
AILEEN,F,null
GEORGIANNA,F,null
ADELINE,F,null
JANA,F,null
SUZAN,F,null
ESPERANZA,F,null
LILLY,F,null
ESTER,F,null
SHAREN,F,null
NIKKI,F,null
TERRIE,F,null
MADONNA,F,null
ZELMA,F,null
RETA,F,null
CARROL,F,null
SHANNON,F,null
BOBBY,F,null
ELISABETH,F,null
LORENA,F,null
DINAH,F,null
MICHAEL,F,null
ROSELLA,F,null
CARMELLA,F,null
LARAINE,F,null
TERI,F,null
SYDNEY,F,null
LILY,F,null
DEANNE,F,null
WILLIAM,F,null
CHRIS,F,null
JANELLE,F,null
DORETHA,F,null
AVIS,F,null
CARYL,F,null
NANETTE,F,null
CALLIE,F,null
CHRISTY,F,null
ISABELLE,F,null
CHERYLE,F,null
TWILA,F,null
CAROLYNN,F,null
CHARLES,F,null
SAMMIE,F,null
LYNNETTE,F,null
CHRISTIE,F,null
JERILYN,F,null
CONCETTA,F,null
JERRI,F,null
OLIVE,F,null
CAMILLA,F,null
CORINE,F,null
LELIA,F,null
NANNIE,F,null
MALINDA,F,null
CELESTINE,F,null
JERRIE,F,null
THEODORA,F,null
EVANGELINE,F,null
OPHELIA,F,null
MICKEY,F,null
ELIZA,F,null
LESLEY,F,null
ANNETTA,F,null
LYN,F,null
FLORINE,F,null
GILDA,F,null
KERRY,F,null
ALISON,F,null
ELISE,F,null
MERCEDES,F,null
TOBY,F,null
KAROLYN,F,null
GAYLA,F,null
LESSIE,F,null
LUCILE,F,null
ROSEANNE,F,null
AVA,F,null
CLAUDINE,F,null
VERNELL,F,null
MINERVA,F,null
CAROLEE,F,null
PATRICA,F,null
SELMA,F,null
GAYE,F,null
CATHIE,F,null
LETA,F,null
JUSTINE,F,null
ANA,F,null
SUELLEN,F,null
ANNABELLE,F,null
LONA,F,null
DAPHNE,F,null
FLOSSIE,F,null
GEARLDINE,F,null
ELSA,F,null
DONNIE,F,null
NEDRA,F,null
ANNMARIE,F,null
HARRIETTE,F,null
GEORGENE,F,null
ALEXIS,F,null
LUCRETIA,F,null
DORENE,F,null
SOPHIE,F,null
PATTIE,F,null
LOUISA,F,null
MATILDA,F,null
GEORGIE,F,null
PORTIA,F,null
GEORGE,F,null
ALTHEA,F,null
GRETA,F,null
DENA,F,null
ALFREDA,F,null
MARIANN,F,null
BERYL,F,null
KATHERYN,F,null
SANDI,F,null
PHOEBE,F,null
JERALDINE,F,null
MARTA,F,null
ARDITH,F,null
GEORGIANA,F,null
MARGOT,F,null
CHARLIE,F,null
COLETTE,F,null
ANGELITA,F,null
LONNIE,F,null
LAURETTA,F,null
ORALIA,F,null
JODY,F,null
TREVA,F,null
JACKLYN,F,null
SUSANNA,F,null
JOSEFINA,F,null
HEIDI,F,null
VONDA,F,null
LORINE,F,null
RICHARD,F,null
ALEXANDRA,F,null
FRAN,F,null
JANINE,F,null
LIBBY,F,null
LEANNE,F,null
SUZETTE,F,null
ROBYN,F,null
ALINE,F,null
CAREN,F,null
ELIDA,F,null
BELVA,F,null
BARBRA,F,null
FELICIA,F,null
RHEA,F,null
BENITA,F,null
HESTER,F,null
BRIDGET,F,null
OPHELIA,F,null
CARLOTTA,F,null
CAROLINA,F,null
BONNY,F,null
LEA,F,null
CHARMAINE,F,null
KIM,F,null
ROSALINDA,F,null
EMILIE,F,null
MANUELA,F,null
ENID,F,null
ZELDA,F,null
WINONA,F,null
PANSY,F,null
ALANA,F,null
PEARLINE,F,null
KIMBERLY,F,null
MAUDE,F,null
JUANA,F,null
MARYJO,F,null
MARGRET,F,null
EVE,F,null
PETRA,F,null
JONNIE,F,null
ROWENA,F,null
CARLEEN,F,null
SOPHIA,F,null
DAVID,M,null
SHIRLEE,F,null
ADELA,F,null
ELISA,F,null
ALENE,F,null
VEDA,F,null
JANELL,F,null
DELMA,F,null
SHIRLENE,F,null
CATHARINE,F,null
GENE,GN,null
LAVERN,F,null
ROSELYN,F,null
DELPHINE,F,null
MARIANNA,F,null
KATHRINE,F,null
KATE,F,null
MARLYN,F,null
COLEEN,F,null
MILLICENT,F,null
SHERRYL,F,null
MARINA,F,null
NORENE,F,null
MARJORY,F,null
ALLIE,F,null
MARI,F,null
SHERRON,F,null
LEANNA,F,null
ERLINDA,F,null
THOMAS,F,null
MARGARETT,F,null
JULIETTE,F,null
JULIANA,F,null
MARTINA,F,null
SOCORRO,F,null
VALERIA,F,null
FRANCISCA,F,null
GLYNDA,F,null
EDYTHE,F,null
ALLENE,F,null
JACQUELIN,F,null
NANCI,F,null
ZELLA,F,null
MARCY,F,null
ARDIS,F,null
RONA,F,null
NOEL,F,null
CLEMENTINE,F,null
ALETA,F,null
LETITIA,F,null
GEORGINA,F,null
EVANGELINA,F,null
GAYNELL,F,null
BERTIE,F,null
TONYA,F,null
SIDNEY,F,null
WILHELMINA,F,null
ALVA,F,null
PRUDENCE,F,null
LUANNE,F,null
MARYLIN,F,null
LUANN,F,null
SHERON,F,null
ROSITA,F,null
JOELLEN,F,null
DEANA,F,null
PAMALA,F,null
KARYN,F,null
AURELIA,F,null
PHYLIS,F,null
CHARLINE,F,null
NILA,F,null
KRISTINA,F,null
TRACY,F,null
GINNY,F,null
JULIET,F,null
TANA,F,null
VELDA,F,null
RONNA,F,null
MAGDALENA,F,null
RAQUEL,F,null
GERI,F,null
CASSIE,F,null
LUE,F,null
DANIELLE,F,null
PATRICE,F,null
SUSANN,F,null
MARLEEN,F,null
BERTA,F,null
SUZANN,F,null
IVY,F,null
MAUDIE,F,null
ROMA,F,null
BIRDIE,F,null
LARRY,M,null
RENE,F,null
GINA,F,null
KARAN,F,null
MADGE,F,null
CHARLA,F,null
ADELAIDE,F,null
LINNEA,F,null
LURA,F,null
DESSIE,F,null
MARGE,F,null
LAVON,F,null
HELLEN,F,null
DORRIS,F,null
PAULETTA,F,null
ELEANORE,F,null
MAURINE,F,null
NANCIE,F,null
SYBLE,F,null
LEOTA,F,null
LEORA,F,null
JOYCELYN,F,null
KARLENE,F,null
DEIRDRE,F,null
CAROLYNE,F,null
KATHALEEN,F,null
KATHI,F,null
ROSARIO,F,null
IONA,F,null
GERMAINE,F,null
ERNESTINA,F,null
CHAROLETTE,F,null
MARYLYN,F,null
GUSSIE,F,null
LEANN,F,null
MARITA,F,null
URSULA,F,null
VERLA,F,null
VERNICE,F,null
CORDELIA,F,null
MARGARETTE,F,null
ISABELLA,F,null
CINDA,F,null
DANNA,F,null
PHILLIS,F,null
ROXANNA,F,null
ELAYNE,F,null
LONNA,F,null
DEBBY,F,null
DORCAS,F,null
JAUNITA,F,null
THEDA,F,null
CORLISS,F,null
LEIGH,F,null
LEILANI,F,null
VONNIE,F,null
IMA,F,null
CHERYLL,F,null
GRACIELA,F,null
LETTIE,F,null
JACQULINE,F,null
KRISTEN,F,null
LOLITA,F,null
DORINDA,F,null
VALARIE,F,null
LAUREEN,F,null
LUANA,F,null
MYRTIS,F,null
KATHLYN,F,null
NANNETTE,F,null
MARYLEE,F,null
RANDY,F,null
VADA,F,null
JACQUE,F,null
DARYL,F,null
PAMELLA,F,null
HEDY,F,null
DELILAH,F,null
GLINDA,F,null
RUBY,F,null
ROSANN,F,null
RANDI,F,null
RACHAEL,F,null
PENNIE,F,null
MELVINA,F,null
MARILOU,F,null
DEIDRE,F,null
DEENA,F,null
HALLIE,F,null
TWYLA,F,null
KRISTI,F,null
LAWANDA,F,null
LORI,F,null
KATRINA,F,null
RONALD,F,null
GEORGEANN,F,null
ILONA,F,null
MARIBETH,F,null
JOCELYN,F,null
SHELLY,F,null
NICKI,F,null
JANEY,F,null
OMA,F,null
SHERILYN,F,null
VICKEY,F,null
CARMELITA,F,null
DORTHA,F,null
JULIANN,F,null
ALLISON,F,null
LOLA,F,null
STARR,F,null
LINNIE,F,null
GEORGETTA,F,null
ALBERTHA,F,null
MARTY,F,null
MIMI,F,null
TRINA,F,null
ELISSA,F,null
SHELBA,F,null
LOUANN,F,null
EVONNE,F,null
ANNAMARIE,F,null
KATY,F,null
MARYBETH,F,null
ESTELA,F,null
AMBER,F,null
ELDA,F,null
HERLINDA,F,null
ROSANNA,F,null